episode,local_start,mean_predicted_latent_mse,mean_predicted_block_error_px,terminal_latent_mse,terminal_block_error_px,terminal_block_angle_error_deg,terminal_transition_category
453,28,0.012337834108620882,3.523060917854309,0.017741596326231956,6.492010116577148,0.6957708597183228,free_motion
721,14,0.00855524381622672,7.156320381164551,0.01706952601671219,5.016839504241943,4.372154235839844,free_motion
1161,11,0.01867196187376976,6.308718538284301,0.04636954516172409,3.708635091781616,0.4054878354072571,effective_push
1251,32,0.02078083259984851,2.9825982093811034,0.03202056139707565,4.834475517272949,3.2225754261016846,effective_push
1625,73,0.013923357240855694,3.0930460929870605,0.017950279638171196,1.5743372440338135,0.4713001251220703,effective_push
1688,85,0.02162088858895004,22.229757499694824,0.06127498671412468,57.24940872192383,74.7008056640625,effective_push
1766,2,0.011636174470186233,3.6829708576202393,0.023215776309370995,6.326676845550537,4.77570915222168,effective_push
1768,31,0.02240049634128809,6.054567003250122,0.03976503014564514,5.08511209487915,1.4896984100341797,contact_no_motion
1775,24,0.09051817748695612,6.650027513504028,0.28284716606140137,16.155614852905273,1.064905047416687,effective_push
2011,16,0.04093560557812452,10.98238296508789,0.07977238297462463,18.210786819458008,6.7856974601745605,effective_push
2012,11,1.1860118746757506,64.45087509155273,1.83111572265625,88.60094451904297,12.362724304199219,contact_no_motion
2520,8,0.03158923704177141,13.657661151885986,0.054886624217033386,25.565689086914062,22.660219192504883,effective_push
2540,28,0.016531534399837254,4.948194885253907,0.033390410244464874,6.7399797439575195,0.26381605863571167,free_motion
2579,28,0.018285372853279115,5.137044835090637,0.03587203472852707,8.386552810668945,0.7499684691429138,free_motion
2828,43,0.010010532476007939,6.919944906234742,0.013609007000923157,3.4280707836151123,0.8235569000244141,effective_push
3306,40,0.027299800887703896,7.573246574401855,0.05464854836463928,9.246943473815918,7.194859981536865,effective_push
3472,4,0.006282720947638154,4.4527528285980225,0.010211383923888206,7.140867710113525,2.89959716796875,effective_push
3495,42,0.022074487153440715,4.408885335922241,0.046276919543743134,5.5124335289001465,0.4912169575691223,effective_push
3668,68,0.01026783576235175,4.605087423324585,0.01191850658506155,2.1635005474090576,0.8418139815330505,free_motion
3682,58,0.032923124730587006,7.757766532897949,0.03302433341741562,5.176838397979736,1.0330866575241089,contact_no_motion
3762,4,0.013928110152482987,4.275067901611328,0.02445877343416214,5.539731979370117,2.3538198471069336,effective_push
3876,16,0.007519674301147461,8.326314353942871,0.005808275192975998,8.073318481445312,2.4167532920837402,effective_push
3919,69,0.00885909553617239,33.134194946289064,0.013001689687371254,35.12516403198242,20.022235870361328,free_motion
4331,30,0.014962097071111203,11.365592765808106,0.015365783125162125,9.785078048706055,3.27630352973938,free_motion
4333,39,0.03016818091273308,6.31698956489563,0.04050832986831665,8.480053901672363,4.665675163269043,free_motion
4348,4,0.013911844044923783,4.583587884902954,0.036736324429512024,8.281492233276367,3.471020221710205,effective_push
4394,24,0.009716702532023192,4.2411689281463625,0.010014090687036514,8.128410339355469,1.4658405780792236,free_motion
4475,14,0.010565328504890203,5.075448012351989,0.011480271816253662,6.314501762390137,0.0742655023932457,effective_push
4501,13,0.009811059292405843,4.653533887863159,0.01579248532652855,7.1840901374816895,0.03419363498687744,effective_push
4547,19,0.006120922928676009,6.241649436950683,0.00843687355518341,8.557228088378906,1.601354956626892,effective_push
4616,6,0.02211694559082389,3.0231920957565306,0.031665824353694916,4.88677453994751,1.9335378408432007,free_motion
4835,105,0.009971012035384775,38.64042205810547,0.017664512619376183,38.0908317565918,12.697021484375,free_motion
4981,40,0.008044876810163259,5.455647945404053,0.01162724755704403,4.784180164337158,1.4405415058135986,effective_push
5172,24,0.008895115181803703,3.8273322343826295,0.010469968430697918,3.901674270629883,1.7558358907699585,effective_push
5223,39,0.014316135458648205,3.6454322695732118,0.02460343763232231,6.271761894226074,4.611351013183594,free_motion
5274,29,0.01744689717888832,3.3686832427978515,0.027582034468650818,2.7836668491363525,1.9926462173461914,free_motion
5379,29,0.00875099990516901,7.1069639205932615,0.011044500395655632,10.62882137298584,5.13785982131958,effective_push
5689,59,0.03328552506864071,3.323511743545532,0.045985471457242966,2.191941976547241,3.264031410217285,free_motion
5690,12,0.021661404706537723,8.199893951416016,0.04497823119163513,4.919269561767578,1.4283428192138672,effective_push
6165,13,0.023904949333518742,8.294120597839356,0.046902161091566086,11.779905319213867,6.072680473327637,effective_push
6191,17,0.01788300909101963,7.2409592628479,0.037886083126068115,10.327840805053711,4.514044761657715,effective_push
6250,27,0.037453500740230086,5.123859930038452,0.11423520743846893,7.347648620605469,3.1917576789855957,effective_push
6468,69,0.016944669932127,3.943732500076294,0.018537349998950958,4.164506435394287,0.544854462146759,free_motion
6834,42,0.02919551758095622,4.335226202011109,0.05254368111491203,7.268821716308594,4.365317344665527,free_motion
6968,11,0.1044432483613491,15.852634048461914,0.19670739769935608,6.810790061950684,15.103078842163086,free_motion
7036,24,0.39442338403314353,10.283908271789551,1.1182913780212402,11.95645523071289,72.16165924072266,free_motion
7278,15,0.008503824076615273,8.417176532745362,0.020650342106819153,7.021173000335693,2.737239360809326,effective_push
7389,69,0.00969415418803692,3.55112771987915,0.020274212583899498,3.2003183364868164,0.1082858219742775,effective_push
7501,17,0.015137012116611004,6.269531536102295,0.022001078352332115,9.527024269104004,0.32623717188835144,free_motion
7529,101,0.026252098754048346,4.472391867637635,0.041756585240364075,4.872132301330566,0.2447700798511505,effective_push
7793,21,0.0223401072435081,2.8104190468788146,0.0614355206489563,3.8913931846618652,0.060334477573633194,free_motion
8328,98,0.03302852287888527,16.972178649902343,0.051149558275938034,23.8164119720459,11.65806770324707,free_motion
8535,60,0.006987639702856541,1.378105390071869,0.011730398051440716,0.8351985812187195,0.047562021762132645,free_motion
8574,18,0.028776307962834834,12.641348457336425,0.05026558041572571,10.676801681518555,2.136274814605713,free_motion
8611,46,0.012842386029660702,5.257043552398682,0.019348014146089554,5.842998504638672,2.413396120071411,effective_push
8804,91,0.019142350740730764,4.639759302139282,0.03209765627980232,1.3173062801361084,4.765880584716797,free_motion
8880,4,0.055914936540648344,11.85791015625,0.171089768409729,20.980546951293945,24.529613494873047,free_motion
8904,10,0.008529851213097572,5.598944854736328,0.01467074453830719,7.481295108795166,2.256967782974243,free_motion
8913,54,0.026961573865264654,8.607044124603272,0.06003612279891968,15.53858470916748,0.261514276266098,effective_push
9013,22,0.019255996122956275,3.388544702529907,0.054834045469760895,7.814192771911621,0.184510737657547,effective_push
9059,14,0.01667824564501643,4.949878406524658,0.029571369290351868,5.389936447143555,0.6293336153030396,free_motion
9320,43,0.011629645619541407,4.381772351264954,0.021324491128325462,6.643357276916504,0.5914841294288635,effective_push
9426,22,0.007023224653676152,3.073901081085205,0.015375172719359398,6.2468414306640625,2.683359384536743,effective_push
9963,53,0.027503455989062786,4.359083443880081,0.05703163146972656,8.645954132080078,2.713313102722168,free_motion
10311,0,0.022089830366894603,9.44553463459015,0.04075545072555542,14.315496444702148,1.5010911226272583,effective_push
10361,69,0.03845946774818003,5.462282240390778,0.11623170226812363,12.2755765914917,5.343000888824463,effective_push
10428,8,0.013086683861911298,3.643467426300049,0.018475383520126343,5.051114082336426,0.06335149705410004,free_motion
10703,95,0.00927995815873146,2.9881661176681518,0.012997309677302837,2.605506181716919,8.763788223266602,free_motion
10796,49,0.031169664394110442,4.266181421279907,0.044283997267484665,3.297391653060913,2.047401189804077,free_motion
10817,98,0.031860445998609065,3.878283953666687,0.050929199904203415,1.9175571203231812,2.3112950325012207,free_motion
10848,48,0.094536058511585,14.493732452392578,0.2532432973384857,22.48933982849121,7.783529758453369,effective_push
10875,25,0.017799698188900946,6.726575040817261,0.018893761560320854,3.7943789958953857,0.2819502055644989,effective_push
11333,22,0.014553258009254933,6.28291802406311,0.01650267466902733,7.484925746917725,1.125123381614685,free_motion
11537,66,0.012303918413817883,7.180977630615234,0.019640261307358742,7.094998836517334,0.9813923239707947,free_motion
11734,63,0.03341285907663405,9.512115573883056,0.08888210356235504,6.731531143188477,4.439698219299316,effective_push
11818,21,0.012772925570607186,4.162146997451782,0.010451994836330414,5.005043029785156,1.0048540830612183,contact_no_motion
11884,20,0.05487692505121231,3.815149712562561,0.05244794487953186,6.478507041931152,1.0327553749084473,free_motion
11970,6,0.006779544893652201,8.313764762878417,0.010400914587080479,5.848477363586426,1.6278492212295532,effective_push
11987,37,0.024952999595552684,3.9111962795257567,0.04717794060707092,3.3521788120269775,0.39188212156295776,free_motion
12054,94,0.022574762906879188,13.524691963195801,0.043632905930280685,15.769514083862305,0.8061808943748474,effective_push
12390,59,0.010808580368757249,2.4447651743888854,0.013811665587127209,3.9284255504608154,0.28940877318382263,free_motion
12518,25,0.036519065871834754,10.106321144104005,0.05594149976968765,7.269888401031494,2.2800674438476562,effective_push
12617,72,0.020224820263683795,16.26855010986328,0.027977406978607178,12.651400566101074,14.132207870483398,free_motion
12678,14,0.04063532915897668,4.536199688911438,0.13025641441345215,5.488610744476318,6.346652984619141,effective_push
12949,43,0.008427407499402762,2.176575708389282,0.014943044632673264,2.030308485031128,0.2341696172952652,effective_push
12988,29,0.06789885126054288,5.692335176467895,0.19496332108974457,9.466248512268066,5.199925422668457,effective_push
13087,65,0.029350691009312868,8.477814292907714,0.07429583370685577,22.718887329101562,5.743574619293213,effective_push
13235,68,0.033044939115643504,5.020646607875824,0.048266008496284485,0.8441702723503113,2.6057753562927246,free_motion
13254,75,0.008483078423887491,5.79576473236084,0.01119818165898323,7.705353260040283,0.9513189792633057,effective_push
13270,75,0.0074131528846919535,6.559590578079224,0.013565714471042156,6.7060394287109375,0.20138129591941833,effective_push
14431,28,0.020502228289842606,12.617281341552735,0.03696674108505249,12.669113159179688,1.0611108541488647,effective_push
14783,32,0.009800507221370935,1.405971109867096,0.015113240107893944,0.2295786738395691,1.4141770601272583,effective_push
14814,26,0.0109457119833678,3.046527087688446,0.015735752880573273,0.7218478322029114,0.571003794670105,contact_no_motion
14968,43,0.016451344080269336,4.050711679458618,0.04424825310707092,5.674060344696045,1.933694839477539,effective_push
15051,98,0.014144256664440035,3.7354812622070312,0.03339396044611931,4.588813304901123,1.9453061819076538,free_motion
15137,25,0.012287554331123829,4.475114202499389,0.018647585064172745,7.679964542388916,2.8279168605804443,free_motion
15146,55,0.03480439335107803,16.022566032409667,0.04545619338750839,18.676362991333008,31.76372718811035,free_motion
15147,50,0.03242885880172253,14.93600287437439,0.046286892145872116,22.67254066467285,4.429691791534424,effective_push
15195,61,0.03856982197612524,6.150554561614991,0.0809578225016594,6.937437534332275,4.668144226074219,effective_push
15290,38,0.013642858434468507,5.592640781402588,0.016667423769831657,4.70165491104126,1.8666462898254395,effective_push
15437,2,0.12618691585958003,3.020463764667511,0.3573220670223236,4.462682247161865,1.2617647647857666,free_motion
15716,19,0.05523882759734988,5.011880147457123,0.16964779794216156,8.729157447814941,7.679400444030762,effective_push
16036,40,0.06845991900190711,2.77581208050251,0.12891066074371338,0.15230800211429596,1.8884892463684082,free_motion
16087,83,0.03700313623994589,8.166080760955811,0.0853181704878807,11.984814643859863,9.92625904083252,effective_push
16201,119,0.11374681442975998,12.174367427825928,0.24714414775371552,25.837810516357422,1.1346993446350098,effective_push
16205,25,0.017989342287182807,5.750582146644592,0.011328820139169693,2.864672899246216,0.9513633847236633,free_motion
16231,105,0.02535476051270962,6.8447010040283205,0.04827374964952469,3.8792996406555176,2.0965402126312256,effective_push
16239,115,0.03440190739929676,8.17091064453125,0.03984644263982773,6.105583190917969,0.43953633308410645,free_motion
16566,5,0.018904286436736584,6.227824020385742,0.04917009919881821,7.011648654937744,6.135388374328613,effective_push
16653,3,0.07572959787212312,11.973924732208252,0.2363804429769516,16.755590438842773,20.45580291748047,effective_push
17449,30,0.028388724010437728,11.055494594573975,0.07990150153636932,15.645344734191895,8.55920124053955,effective_push
17622,58,0.0441939365118742,8.253365325927735,0.0686754435300827,9.40423583984375,1.009747862815857,effective_push
17695,62,0.030402559228241442,6.940153980255127,0.05435025691986084,9.47922134399414,1.3819043636322021,free_motion
17707,45,0.01833698442205787,6.751554107666015,0.04343494400382042,5.286893844604492,2.5806641578674316,effective_push
17734,65,0.050942938216030596,12.087473678588868,0.08796614408493042,16.546024322509766,0.30990275740623474,free_motion
17798,127,0.014885745476931334,3.480248546600342,0.04950239881873131,5.423699378967285,1.1304714679718018,effective_push
17809,54,0.010059350449591876,3.8358476638793944,0.014245225116610527,7.697046279907227,0.022824784740805626,free_motion
17896,99,0.033870639838278295,3.2216933250427244,0.053111933171749115,3.918607234954834,1.2864729166030884,effective_push
17921,84,0.015489957667887211,5.05356798171997,0.03075377643108368,6.287065029144287,3.3135459423065186,free_motion
17937,65,0.023220224492251872,12.434410393238068,0.027034757658839226,33.85327911376953,10.555380821228027,effective_push
17989,36,0.038303034100681546,3.0370469629764556,0.097276471555233,4.571410179138184,0.8169999122619629,effective_push
18072,2,0.017714405502192675,12.346230936050414,0.03220510110259056,24.953123092651367,1.144985556602478,effective_push
18155,23,0.03453005123883486,7.042001438140869,0.09411196410655975,3.5071933269500732,3.498976230621338,effective_push
18284,21,0.013372473418712616,3.704039490222931,0.02402196079492569,6.494113922119141,2.8968300819396973,effective_push
18365,25,0.027095770463347435,6.405831527709961,0.039473213255405426,5.5270843505859375,3.617220401763916,effective_push
18417,55,0.015835679788142442,4.305739378929138,0.03055470809340477,7.39084005355835,0.9129162430763245,contact_no_motion
18432,10,0.011783691681921482,4.185114270448684,0.017096666619181633,0.20628848671913147,2.6133670806884766,free_motion
18617,20,0.03849046975374222,9.431833982467651,0.08398689329624176,12.495532989501953,2.611980438232422,effective_push
